filename,plate
plate_imgs/plate_0.jpg,PYP5727
plate_imgs/plate_1.jpg,QUP8066
plate_imgs/plate_2.jpg,ELS7575
plate_imgs/plate_3.jpg,EJA9040
plate_imgs/plate_4.jpg,ELS7575
plate_imgs/plate_5.jpg,EHJ9C82
plate_imgs/plate_6.jpg,LUO1J10
plate_imgs/plate_7.jpg,KWE8269
plate_imgs/plate_8.jpg,KRF8219
plate_imgs/plate_9.jpg,KWE8269
plate_imgs/plate_10.jpg,QQF5108
plate_imgs/plate_11.jpg,LMT6I14
plate_imgs/plate_12.jpg,PWY3G12
plate_imgs/plate_13.jpg,QQA5348
plate_imgs/plate_14.jpg,LTF6B00
plate_imgs/plate_15.jpg,LMI7G15
plate_imgs/plate_16.jpg,GIU0480
plate_imgs/plate_17.jpg,EZE8592
plate_imgs/plate_18.jpg,RNC4H56
plate_imgs/plate_19.jpg,STT1A06
plate_imgs/plate_20.jpg,SIB2A26
plate_imgs/plate_21.jpg,CON1454
plate_imgs/plate_22.jpg,ELP1978
plate_imgs/plate_23.jpg,GGW4I41
plate_imgs/plate_24.jpg,EHI0H58
plate_imgs/plate_25.jpg,GCZ7D94
plate_imgs/plate_26.jpg,GDY4G44
plate_imgs/plate_27.jpg,SWI3B77
plate_imgs/plate_28.jpg,GCZ7D94
plate_imgs/plate_29.jpg,FHP9G04
plate_imgs/plate_30.jpg,CGN9J94
plate_imgs/plate_31.jpg,GCZ7D94
plate_imgs/plate_32.jpg,FHP9G04
plate_imgs/plate_33.jpg,SUW1C12
plate_imgs/plate_34.jpg,FWR5B86
plate_imgs/plate_35.jpg,FHP9G04
plate_imgs/plate_36.jpg,EXX7619
plate_imgs/plate_37.jpg,DSV7C13
plate_imgs/plate_38.jpg,DSV7C13
plate_imgs/plate_39.jpg,SSZ5I11
plate_imgs/plate_40.jpg,FNC1F27
plate_imgs/plate_41.jpg,CUH4G26
plate_imgs/plate_42.jpg,FHP9G04
plate_imgs/plate_43.jpg,FHP9G04
plate_imgs/plate_44.jpg,FWR5B86
plate_imgs/plate_45.jpg,SWI3B77
plate_imgs/plate_46.jpg,CUY1B80
plate_imgs/plate_47.jpg,DES5518
plate_imgs/plate_48.jpg,GKC4H60
plate_imgs/plate_49.jpg,GAR4G31
plate_imgs/plate_50.jpg,GHV7564
plate_imgs/plate_51.jpg,GKC4H60
plate_imgs/plate_52.jpg,FMJ6399
plate_imgs/plate_53.jpg,ALF8F22
plate_imgs/plate_54.jpg,FRY2I96
plate_imgs/plate_55.jpg,GKC4H60
plate_imgs/plate_56.jpg,BSX6F35
plate_imgs/plate_57.jpg,GKC4H60
plate_imgs/plate_58.jpg,DES5518
plate_imgs/plate_59.jpg,GKC4H60
plate_imgs/plate_60.jpg,GDY4G44
plate_imgs/plate_61.jpg,STK3G35
plate_imgs/plate_62.jpg,GCI4125
plate_imgs/plate_63.jpg,GCZ7D94
plate_imgs/plate_64.jpg,GDY4G44
plate_imgs/plate_65.jpg,FHP9G04
plate_imgs/plate_66.jpg,CGN9J94
plate_imgs/plate_67.jpg,GCZ7D94
plate_imgs/plate_68.jpg,FHJ4I79
plate_imgs/plate_69.jpg,GQD1C83
plate_imgs/plate_70.jpg,ELC4D87
plate_imgs/plate_71.jpg,FHJ4I79
plate_imgs/plate_72.jpg,GQD1C83
plate_imgs/plate_73.jpg,DLZ1811
plate_imgs/plate_74.jpg,GBT3243
plate_imgs/plate_75.jpg,GQD1C83
plate_imgs/plate_76.jpg,AKD1918
plate_imgs/plate_77.jpg,GAZ4E59
plate_imgs/plate_78.jpg,OLY7905
plate_imgs/plate_79.jpg,BSX4411
plate_imgs/plate_80.jpg,BYQ8A11
plate_imgs/plate_81.jpg,EYG1E36
plate_imgs/plate_82.jpg,GDW0625
plate_imgs/plate_83.jpg,CVI2D00
plate_imgs/plate_84.jpg,FGB4606
plate_imgs/plate_85.jpg,FSY8627
plate_imgs/plate_86.jpg,SGL2D15
plate_imgs/plate_87.jpg,FEV6689
plate_imgs/plate_88.jpg,EEU1483
plate_imgs/plate_89.jpg,TKX4F76
plate_imgs/plate_90.jpg,FWS6777
plate_imgs/plate_91.jpg,FEG0724
plate_imgs/plate_92.jpg,FSB8789
plate_imgs/plate_93.jpg,EYB6C13
plate_imgs/plate_94.jpg,BBJ0B66
plate_imgs/plate_95.jpg,TCD4H11
plate_imgs/plate_96.jpg,FIL0G41
plate_imgs/plate_97.jpg,FON1982
plate_imgs/plate_98.jpg,ESZ5780
plate_imgs/plate_99.jpg,TDA6C82
plate_imgs/plate_100.jpg,FRQ0557
plate_imgs/plate_101.jpg,BBJ0B66
plate_imgs/plate_102.jpg,BBJ0B66
plate_imgs/plate_103.jpg,FSD9I02
plate_imgs/plate_104.jpg,SCH6B17
plate_imgs/plate_105.jpg,SUU4H54
plate_imgs/plate_106.jpg,BXZ6873
plate_imgs/plate_107.jpg,GBD5467
plate_imgs/plate_108.jpg,FFM4474
plate_imgs/plate_109.jpg,FPV5013
plate_imgs/plate_110.jpg,SYU6B72
plate_imgs/plate_111.jpg,FJT5J15
plate_imgs/plate_112.jpg,FAM1765
plate_imgs/plate_113.jpg,ESU2J46
plate_imgs/plate_114.jpg,EQA9A33
plate_imgs/plate_115.jpg,RT09J51
plate_imgs/plate_116.jpg,SFB1B33
plate_imgs/plate_117.jpg,FVM6258
plate_imgs/plate_118.jpg,GCM2176
plate_imgs/plate_119.jpg,GCF2J95
plate_imgs/plate_120.jpg,RTK7B29
plate_imgs/plate_121.jpg,GBM3926
plate_imgs/plate_122.jpg,GHM6J62
plate_imgs/plate_123.jpg,FVCOE27
plate_imgs/plate_124.jpg,EOD4930
plate_imgs/plate_125.jpg,TDD9H19
plate_imgs/plate_126.jpg,EOD4930
plate_imgs/plate_127.jpg,DZU0674
plate_imgs/plate_128.jpg,STM8I03
plate_imgs/plate_129.jpg,DMW1E38
plate_imgs/plate_130.jpg,GDI0123
plate_imgs/plate_131.jpg,GGA8897
plate_imgs/plate_132.jpg,GFJ8A12
plate_imgs/plate_133.jpg,FZB3B41
plate_imgs/plate_134.jpg,OLY7905
plate_imgs/plate_135.jpg,SVV8G37
plate_imgs/plate_136.jpg,QQB0F42
plate_imgs/plate_137.jpg,GFI9F66
plate_imgs/plate_138.jpg,FSA9152
plate_imgs/plate_139.jpg,TDJ0F23
plate_imgs/plate_140.jpg,TAV5H61
plate_imgs/plate_141.jpg,FBP8192
plate_imgs/plate_142.jpg,SGT9G36
plate_imgs/plate_143.jpg,QMQ0C40
plate_imgs/plate_144.jpg,GID1117
plate_imgs/plate_145.jpg,GHK1F58
plate_imgs/plate_146.jpg,GGR3E14
plate_imgs/plate_147.jpg,GED5A08
plate_imgs/plate_148.jpg,RMQ6I41
plate_imgs/plate_149.jpg,SVV8J37
plate_imgs/plate_150.jpg,FQG5108
plate_imgs/plate_151.jpg,GEQ9B53
plate_imgs/plate_152.jpg,SVZ6G43
plate_imgs/plate_153.jpg,RGY5D43
plate_imgs/plate_154.jpg,DJC0278
plate_imgs/plate_155.jpg,SWR7I16
plate_imgs/plate_156.jpg,TMH4H41
plate_imgs/plate_157.jpg,GAJ5H78
plate_imgs/plate_158.jpg,SXG1A30
plate_imgs/plate_159.jpg,FFI6F75
plate_imgs/plate_160.jpg,GFP5A75
plate_imgs/plate_161.jpg,TLI6C33
plate_imgs/plate_162.jpg,TCE4A29
plate_imgs/plate_163.jpg,TCE4A29
plate_imgs/plate_164.jpg,SWR7I16
plate_imgs/plate_165.jpg,GCS6576
plate_imgs/plate_166.jpg,AUF3I00
plate_imgs/plate_167.jpg,EID1C04
plate_imgs/plate_168.jpg,GCR9G34
plate_imgs/plate_169.jpg,LAH7609
plate_imgs/plate_170.jpg,FTA0838
plate_imgs/plate_171.jpg,FAM1598
plate_imgs/plate_172.jpg,EEJ9J55
plate_imgs/plate_173.jpg,FVP9J65
plate_imgs/plate_174.jpg,FVP9J65
plate_imgs/plate_175.jpg,EUL5915
plate_imgs/plate_176.jpg,SWI1H01
plate_imgs/plate_177.jpg,SSS1G94
plate_imgs/plate_178.jpg,FEE8D05
plate_imgs/plate_179.jpg,SSS1G94
plate_imgs/plate_180.jpg,DZQ2929
plate_imgs/plate_181.jpg,KNE6294
plate_imgs/plate_182.jpg,FUP2C96
plate_imgs/plate_183.jpg,LMTODO3
plate_imgs/plate_184.jpg,FRH9H52
plate_imgs/plate_185.jpg,TAT7H67
plate_imgs/plate_186.jpg,SGH4H47
plate_imgs/plate_187.jpg,FCL7D26
plate_imgs/plate_188.jpg,EUQ1599
plate_imgs/plate_189.jpg,SVJ3A77
plate_imgs/plate_190.jpg,GBH6C14
plate_imgs/plate_191.jpg,GBH6C14
plate_imgs/plate_192.jpg,EQY9155
plate_imgs/plate_193.jpg,JCV9H90
plate_imgs/plate_194.jpg,GOG6B21
plate_imgs/plate_195.jpg,GJG6B21
plate_imgs/plate_196.jpg,JCV9H90
plate_imgs/plate_197.jpg,AUK5A09
plate_imgs/plate_198.jpg,JCV9H90
plate_imgs/plate_199.jpg,GJG6B21
plate_imgs/plate_200.jpg,FVE5958
plate_imgs/plate_201.jpg,PZS1E46
plate_imgs/plate_202.jpg,QQR2C08
plate_imgs/plate_203.jpg,GDD8768
plate_imgs/plate_204.jpg,QQR2C08
plate_imgs/plate_205.jpg,QQI5J52
